case1,case2,label
29863,23181,0
4852,10419,0
28885,28737,0
30275,1872,0
10400,23749,1
28573,2175,1
28508,22973,0
10444,2390,1
24754,3089,0
13840,32836,0
24823,28212,0
10472,19833,0
22621,30128,0
19856,4527,0
20256,29175,0
8738,16385,0
21383,11264,0
13696,13295,1
18337,6825,1
17618,7595,0
4599,10007,0
7459,10284,0
4476,10489,0
8311,3677,0
30895,20484,0
7625,5065,0
29854,337,0
25085,21548,0
14354,1227,0
1915,30357,0
4217,9180,0
13629,16851,0
10420,21108,0
135,5578,0
22247,4364,0
19402,18752,0
22468,30948,0
26437,32249,0
32207,17422,0
22640,24176,0
19376,31879,0
15657,25734,0
1483,25819,0
13281,3338,0
29076,15746,0
849,11658,0
8746,4036,0
20277,16910,0
23419,20295,0
336,21934,0
13223,31470,0
23442,6700,0
17061,10362,0
15631,30650,0
11821,20216,0
7850,7386,0
14886,1959,0
30038,15820,0
426,6657,0
32473,3489,0
17850,25453,0
1605,26759,0
32786,16876,0
97,6817,0
30322,20500,0
25379,30421,0
10068,19734,0
12067,2268,0
28875,4559,0
6845,1998,0
23723,25113,1
15786,6600,0
12924,21143,0
18482,27489,0
8915,7385,0
4707,18473,0
12639,3667,0
8048,4406,0
14976,16977,0
3180,12311,0
17859,9781,0
26172,25420,1
531,5944,0
29371,16021,0
16669,24320,0
16479,24962,0
9263,23690,0
2649,6964,1
4004,4978,0
5062,31947,1
7001,28965,0
26771,15788,0
27463,18449,0
26103,29804,0
26768,2373,0
16475,12140,1
4108,1519,0
31390,29662,0
18066,29844,0
23786,25040,0
25600,11868,0
29782,10427,0
16560,18808,0
30101,25606,0
13477,30442,0
1879,21136,0
21381,23443,0
7952,28393,0
3109,7687,0
29797,18774,0
24274,25904,0
29798,6350,0
23112,6270,0
15547,21357,1
6545,936,0
3147,27756,0
28026,4181,0
7540,32126,0
10826,3288,0
28168,14010,0
30909,1095,1
24006,13566,0
17746,21921,0
32793,722,0
26842,2799,1
9469,3948,0
4205,31394,0
30320,4587,1
23141,14487,0
21646,23025,0
3999,24089,0
28339,8945,0
7677,24160,0
2039,25430,0
10471,10774,0
25684,29420,1
25812,1002,0
25652,21879,1
24030,23506,0
11179,27996,0
6871,30065,0
32390,346,0
15053,24757,0
7996,26596,0
21344,31225,0
18336,29671,0
9807,20797,0
10148,26650,1
7798,9527,0
5611,9779,0
10803,15653,0
17784,12936,0
26788,19821,0
13047,9203,0
19130,32486,0
20918,27319,0
19722,16482,0
57,8561,0
2198,26781,0
32287,21307,0
12819,14432,0
7657,9889,0
25495,28481,0
19453,32196,1
13082,24692,0
16046,32522,1
15298,14180,0
23673,16590,1
10929,9386,0
20607,15751,0
24128,125,0
31016,26378,0
11193,31403,0
13814,25372,0
23836,8958,0
19922,32267,0
7736,23070,0
9292,18861,1
22937,12636,0
627,4955,0
17403,178,0
4139,2395,0
23778,25175,0
22511,6358,0
32753,31596,0
27381,10023,0
27645,15009,0
14530,21475,0
23615,3901,0
19366,12526,0
26196,24007,0
32752,2794,0
28368,5834,0
288,17975,1
23065,24846,1
32202,5400,0
1718,31217,1
7400,32416,0
28312,6052,0
6402,6955,0
24141,13862,1
1504,1604,1
21728,19883,0
26793,26723,0
3538,9771,1
32000,1897,0
32732,6907,0
16393,24176,1
29553,7145,0
12200,19398,0
9042,21106,0
1085,27910,0
25524,10642,0
31437,19051,0
25736,15204,0
22467,475,0
20098,17251,0
18780,4044,0
31436,25620,1
30058,31560,0
29916,14583,0
21670,7086,0
23148,13045,0
20973,3626,0
817,18486,0
17742,17128,0
18635,28846,1
5157,17644,0
14800,23406,0
23319,10820,0
29795,22557,1
27517,12054,0
25079,29923,0
2222,13069,0
8344,11636,0
27100,21351,0
12652,15892,1
27362,24022,0
13218,6051,0
10722,24948,0
3673,18443,0
23466,9985,0
22896,24620,0
16299,14556,0
26561,22236,0
1207,15567,0
8180,2689,0
14442,25101,0
6512,4923,0
31992,32960,0
18400,11051,0
21859,29899,0
13408,24537,0
26561,7660,0
26619,5333,0
25108,31919,0
25677,17249,0
10659,12233,0
9599,7060,0
5302,1021,0
14033,12868,0
29937,10758,0
11046,20870,0
25352,32062,0
9634,8013,0
31808,16308,0
31920,10062,0
2792,27896,0
23434,27874,0
13800,3535,1
25365,24794,0
1036,22758,0
7128,20706,0
23500,16960,0
11060,24906,1
19915,22746,0
22004,13827,1
2277,18473,0
17244,32432,0
10518,13473,0
23738,14010,0
18811,11849,0
26482,31625,0
27527,23792,0
6,11373,0
14110,620,1
7686,32024,0
16966,16227,0
8484,1889,0
1823,22150,1
3815,27278,0
30496,10971,0
19232,6686,0
2347,2528,1
30128,25443,0
4661,14736,0
19511,11532,0
9603,12882,0
29696,24150,0
25374,29653,0
6496,10723,0
7395,31585,0
32061,20639,0
7249,20351,0
31199,10357,0
1276,24712,0
30558,25246,0
21079,16160,0
26276,19314,0
8753,11271,0
28436,26468,0
4642,12585,0
18800,18571,0
220,3894,0
26205,32420,0
1361,22750,0
27802,9709,0
28054,22614,1
11011,17511,0
22383,11742,1
6364,24291,0
30191,20984,0
20713,19038,0
14225,5909,0
14912,10778,1
21482,5069,1
10957,31813,0
5939,2009,0
21519,21715,1
19368,14444,0
8614,4529,0
21966,29803,0
6852,14504,0
12293,3646,0
7175,4506,0
10061,5360,0
28060,5128,0
15335,13693,0
20889,10035,0
15557,18282,0
11431,18376,1
19304,15058,0
16671,28249,0
3042,21791,0
29407,7048,0
26579,32419,0
13661,13199,0
5413,24010,0
19760,27040,0
23557,12153,0
16917,658,0
2771,30186,0
20824,5225,0
4013,19871,0
7234,17459,1
24897,27529,0
7440,9756,0
31067,13623,0
24001,23394,0
14377,24960,0
15623,15665,0
28641,14460,0
31721,30011,0
11827,26930,0
26892,7587,0
30924,23525,0
20992,18656,0
3540,16782,0
7880,15906,0
32941,11308,0
14519,31961,1
9674,15848,1
22070,14430,1
18019,28938,0
12150,19994,1
467,974,0
13854,32064,1
27786,14543,0
14095,16463,0
14410,3077,0
8101,29799,0
10238,22685,0
19518,6191,0
19049,4922,0
13201,22961,0
22380,10188,0
14688,9480,0
20969,11885,0
20285,23995,0
20562,13215,0
20149,20518,0
26529,3797,0
28140,23051,0
6908,24243,0
21168,21480,0
3858,916,1
12172,7393,0
18474,31485,0
27319,14426,0
22443,18498,1
25078,26646,0
12621,14766,0
7611,1787,0
20914,4399,0
12689,28853,0
23097,23318,0
28912,7387,0
28485,7687,0
7410,23636,0
28843,32024,0
8847,19922,0
13796,27319,0
14016,9780,0
20746,14002,0
2661,23106,0
15569,24615,0
3169,2365,0
15404,28502,0
18709,31741,0
1689,7867,0
8286,19271,0
2157,13765,0
17401,19140,0
27355,3581,0
23863,21081,0
17077,11893,0
4072,9160,0
30375,31961,1
4897,2059,0
21960,16091,0
16020,18289,0
7790,24085,1
6864,20486,0
2999,25518,0
19188,30025,0
4227,9946,1
20699,16880,0
17827,3690,1
14445,32423,0
2900,31994,0
2111,29908,0
25309,24273,0
1990,8571,0
1003,12240,0
22117,5931,0
7039,22399,0
15296,5757,0
13960,21695,1
1615,10375,0
26051,9722,0
6900,3832,1
13523,32782,0
7027,12513,0
7689,13521,1
12811,18908,0
11745,14515,0
26212,17862,0
4389,32335,0
4187,30576,0
31899,26613,0
17972,28811,0
20415,172,0
19720,27655,0
23588,693,0
13830,12637,0
15423,14495,1
24960,7163,1
12712,31400,1
11948,26327,1
23938,26757,1
2433,22754,0
29438,2654,0
22439,9709,0
11509,3890,1
2072,13416,0
3732,30166,0
4383,30914,0
25240,23164,0
30704,26438,0
3335,12602,0
2839,11544,0
10864,13335,0
179,30981,0
32856,5381,0
15258,16921,0
21523,9901,0
10391,6977,0
31255,21928,0
10264,26355,0
28931,13668,0
17449,16184,0
19080,548,0
5239,21189,0
26441,15369,1
8660,12310,0
20421,15316,0
31390,9027,0
2313,6308,0
3149,25615,0
8128,21097,0
17902,11503,0
608,9307,0
17273,20405,0
21457,523,0
17819,11941,0
17892,21056,0
18333,9295,0
927,2965,1
23494,18045,0
26395,30417,0
15007,1133,0
8996,282,0
30162,9650,0
4531,16312,0
24616,29938,0
706,19753,0
3618,17726,0
8454,16138,0
30661,2488,0
4984,32280,0
20311,17812,1
12512,15334,0
31283,10724,0
32162,11585,0
15478,25591,0
15189,2037,0
29351,32313,1
2837,16514,0
3060,17984,0
5922,7167,0
14341,9735,0
5656,20910,0
9776,23956,0
22253,32008,0
18975,16289,0
5072,7636,1
1892,23981,0
11259,12259,0
5255,29410,0
13420,22383,0
31723,3328,1
25311,757,0
13264,25906,0
5754,21991,0
9623,16511,0
28110,4834,0
4661,5619,0
23148,29057,0
1078,9706,1
13927,14862,0
9272,15364,0
16950,26150,0
3456,30775,0
6780,14842,0
17782,25288,0
13198,11464,0
17933,15521,0
25796,25474,0
27540,25088,0
23759,23426,0
29133,13881,0
10014,31037,0
20553,31422,0
2609,29931,0
11323,4482,0
12210,20041,0
30862,7694,0
28197,3340,0
11257,5630,0
4347,28318,0
10781,14095,0
20547,16103,1
23737,5239,0
2188,15489,0
19190,6674,0
5429,5360,0
23373,29365,0
28648,5873,0
27865,17221,0
25747,22740,0
17354,9633,0
2214,19022,0
15472,10209,0
24259,9747,0
19875,16365,0
9738,24003,0
10539,26142,0
14266,27511,0
14215,31274,0
17998,26445,0
20341,26544,0
4752,11766,0
13253,22932,0
2284,21036,0
7558,30494,0
14299,13566,0
14995,1018,1
17835,17765,0
1349,16546,0
25034,2397,0
25997,21857,1
5520,20808,0
390,23729,0
23781,10653,0
1737,21278,0
2928,5792,0
7641,14702,0
26607,24915,0
3567,32609,0
30957,8413,1
19364,17609,0
39,9147,0
26147,16006,0
7186,27749,0
9789,29507,1
3858,5686,0
16665,6768,0
5181,8394,0
26721,26969,0
18996,1970,0
25537,25746,0
29191,17636,0
22269,30864,0
672,12059,1
19906,4547,1
24107,18855,0
2977,3633,0
17746,7965,0
1348,30798,0
19890,14782,0
27602,18557,0
26666,25122,0
21204,9891,1
9813,14771,0
1324,13770,0
31305,23714,0
30712,30283,0
18306,6032,0
31906,17809,0
11745,19482,0
14280,6692,0
19487,3891,0
16435,1086,1
28150,1196,1
2364,18367,0
16722,5535,0
22317,17333,0
8658,26865,0
848,2730,0
3881,1921,0
8597,14759,0
23248,23900,0
31948,2101,1
18110,17695,0
23842,22784,0
2300,12086,0
14132,2615,0
20948,1324,0
25090,7486,0
29190,3040,0
13455,3018,0
26006,11569,0
11211,12616,1
15301,32195,0
24381,25759,1
24836,26332,0
22339,1262,1
8982,22541,0
22139,28514,0
9378,31933,0
32773,31906,0
27871,15081,0
29700,7161,0
4249,7981,0
18148,6161,0
1254,17160,0
20720,4128,0
9912,30716,0
26011,684,0
11667,6129,0
1412,22833,0
18911,23144,0
1592,8451,0
29915,25009,0
28984,24669,0
30436,23639,0
15997,12037,0
13162,31918,0
14551,545,0
29772,1712,0
12002,24654,0
28082,726,0
7274,737,0
15317,3947,0
24690,14031,1
23179,6326,0
11721,32920,0
14353,31531,1
19298,32702,0
30597,17788,0
24001,17380,0
16745,3956,0
23121,4062,0
4274,18217,0
2666,25730,0
17955,466,0
18331,20434,0
21199,6023,0
30282,5662,0
8406,10126,0
20898,20580,0
29674,1118,0
12042,10079,0
9650,17661,1
4679,28781,0
7918,23230,0
17859,26866,0
16741,2748,1
6541,2879,0
26484,30379,0
9693,29471,0
13118,392,0
32894,3335,0
13543,3935,1
30233,25013,0
9843,7135,0
25274,3788,0
26416,6208,0
30237,29109,0
29184,10561,0
28573,32,1
23582,1997,0
12085,25808,0
25177,21319,0
6464,7163,0
14446,1205,0
16937,9361,0
10500,27747,0
10696,5835,0
19489,4202,0
22164,5979,0
11889,19257,0
8161,5157,0
17297,12071,0
959,31322,0
28091,17350,0
4741,16184,0
6055,21067,0
18325,17802,0
22191,6649,1
25110,17899,0
18214,20197,1
82,29319,0
5756,26005,0
11360,2910,0
6520,26136,0
13284,23467,0
12350,15136,0
28130,2918,0
19104,18818,0
3360,15637,0
30904,12161,1
19150,10384,0
3164,17418,1
2118,3865,0
32874,22576,0
8760,24146,0
17109,18994,1
23097,26843,0
24290,11122,0
26794,23728,0
20731,2442,0
5818,536,0
20605,24396,0
22877,11450,0
28325,24367,0
30169,12868,0
982,9419,0
29675,6504,0
30734,24446,0
2804,16523,0
22403,17870,0
18579,27750,0
29110,16934,0
735,1938,0
24893,29764,0
20872,17469,0
10593,23607,0
10000,17814,0
26421,31913,0
30288,31760,0
212,28363,0
25134,9497,0
22156,8850,0
4530,4663,0
4629,25074,0
15170,1057,0
4191,17703,0
19847,18644,0
1665,31773,0
26761,27540,0
30614,30610,0
29495,11511,0
5663,11215,0
19924,24045,0
31258,3671,1
18891,829,0
18697,19428,0
21592,25167,1
16810,22050,0
3089,1138,0
12551,11020,0
10754,24073,0
5773,28781,0
16155,20332,0
21507,16861,0
19194,9324,1
18193,8694,0
14837,27982,0
8544,17450,0
13267,30242,1
24525,32494,0
24078,13570,0
13966,23935,0
5345,15028,1
7288,12707,0
16147,12576,0
15576,18498,0
3566,12897,0
27245,2397,0
20783,14612,0
22319,30119,0
19573,2748,0
19864,16048,0
8521,18082,0
21870,2868,0
19134,2376,0
10951,10256,0
32982,20045,0
14570,27014,0
7458,5084,0
21983,4707,0
12817,20402,0
20381,5064,0
19038,13848,0
23531,4727,0
28038,26629,0
30796,20879,1
335,3747,0
2392,3989,0
25281,10706,0
24885,16374,0
22797,17768,0
25713,15120,0
14387,15573,1
18801,13154,0
18807,14304,0
17020,13425,0
10003,18329,0
14074,1541,1
13814,5361,1
5712,349,0
5088,12388,0
28808,25503,0
31414,20721,1
26839,11670,0
28869,5793,1
27843,23899,0
15723,27608,0
11353,24648,1
25408,21386,0
31382,25099,0
15894,28153,0
16477,21067,0
13306,1152,0
31156,16359,0
10648,18077,0
26477,10321,0
9810,25905,0
1993,22688,0
32685,1462,0
14174,26810,0
16599,30704,0
23387,13283,0
30337,18235,1
24012,12279,0
24799,503,0
22928,8317,0
6918,9592,0
1972,382,0
27813,17847,0
13596,28207,1
10018,16419,0
20690,21609,0
14896,9008,1
981,13262,0
15391,5381,0
17772,18446,0
19796,8130,0
18608,15553,1
17987,16825,0
6668,29957,0
22514,5812,0
31746,12952,0
26637,17150,1
4395,16801,0
26126,22547,0
32693,22810,0
22384,29444,1
3434,29901,1
19764,6973,0
17990,25230,0
18527,25065,0
28019,20487,0
10075,24655,0
18536,7932,0
8923,16701,0
31066,14213,0
3361,22793,0
30831,2613,1
19655,10917,0
30123,32494,0
22063,24350,0
25914,29373,0
19338,13943,0
8661,18180,0
15395,17458,0
20509,15109,0
17991,23708,0
16400,29729,0
5440,19121,0
6268,11285,0
1144,31682,0
13908,29335,1
4665,18112,0
30870,28792,0
16916,16410,0
9664,14380,0
4345,23992,1
1712,21371,0
5178,19945,0
14710,18515,0
20088,11968,0
14961,32623,0
4268,21781,0
6518,26405,0
32998,23546,0
5452,24089,1
344,11515,0
4390,4338,0
11668,3203,1
24103,18526,0
27788,19152,0
28393,20745,1
5343,18103,0
13098,12701,0
31631,14840,0
22010,9607,1
21533,21736,0
22751,28705,1
32056,30257,0
1189,17826,0
18645,32989,0
12745,13247,0
23502,594,1
18531,27370,0
13414,29626,0
3318,5806,0
31682,2027,1
31573,22878,0
18148,30622,0
7161,16342,1
4434,27866,0
22591,3932,0
1093,3469,0
32864,5344,0
9754,15303,1
25272,32552,1
16190,27771,0
21968,16710,0
16899,21676,1
13729,28260,0
30563,8541,0
2287,25669,1
14670,19092,0
3482,17027,0
32341,2707,0
5255,1524,0
677,11119,0
19611,13108,0
8900,5383,1
17720,5701,0
28891,11508,0
8875,10559,0
4011,3620,1
25491,25623,0
18412,30512,0
24811,9050,0
24015,22015,0
1659,26051,0
7732,11111,0
32853,10386,0
10030,22734,1
19878,7141,0
29349,4660,0
19198,25402,0
28438,31645,0
23163,2263,0
10673,15292,0
30518,8428,0
31288,28040,0
14634,14682,0
8691,23168,1
6214,31943,0
788,4203,0
19309,32563,0
31874,692,1
18041,26651,0
31413,23026,0
31583,13379,0
12818,5649,1
30432,7739,1
12845,13288,0
30915,18088,0
6371,19217,0
16644,23904,0
17748,24244,0
18409,19466,0
24762,3347,0
5607,11047,1
9998,8944,0
30084,4225,0
2834,5811,0
3784,2099,0
10161,24656,0
1194,32165,0
32925,8600,0
3388,19747,1
31214,26145,0
10345,6649,0
26458,15333,0
26129,11466,1
19114,16667,1
20454,4346,0
14724,24560,0
761,8160,0
26411,23769,0
26570,17513,0
21595,576,0
10614,7260,0
26664,19286,0
29837,19625,0
27945,5306,0
13297,27838,0
16956,5711,0
15365,26051,0
25232,29530,0
29340,5661,0
6898,1569,0
22924,19058,1
32878,991,0
16343,24763,0
1378,5316,0
11763,31428,0
1332,30378,0
30330,23884,0
24676,28073,0
12430,29426,0
7569,595,0
6789,14474,0
6597,2206,0
1669,24129,0
16776,6900,0
31232,23007,0
5264,26298,0
9215,30952,0
786,20173,1
9571,16479,0
21625,7022,0
25260,11601,0
2584,8977,0
5638,26998,0
8101,26388,0
8487,4158,0
14162,9151,0
7873,22486,0
21398,24653,0
16763,26346,0
21239,937,0
26164,17869,0
24989,10237,0
25487,1037,0
13874,8436,1
17705,31406,0
27551,20639,0
496,21690,0
6033,10150,0
11231,12945,0
6556,27190,1
28671,16555,0
16955,11933,0
19678,23480,0
19175,3236,0
29315,25189,0
13963,8330,0
440,3022,0
1304,3210,0
21479,22778,0
13151,9093,0
8229,14721,0
16932,10031,0
20414,5319,1
18225,26950,1
7580,29359,0
29122,11581,0
21146,19875,0
6581,31411,1
7864,8943,0
2721,31943,0
28940,29270,0
15817,17229,0
11918,30935,0
28552,19699,0
10019,22403,0
3785,4629,0
22608,2785,0
29276,24565,0
18863,6653,0
20474,23559,0
665,23331,0
334,14049,0
6211,4161,0
2207,21558,0
14704,1958,0
16396,27304,0
8600,13208,0
7684,22610,0
555,21595,0
8973,4555,0
3514,20822,0
294,24679,0
1175,28235,0
29872,11216,0
12968,23373,0
18967,21330,1
27395,30679,0
20557,22926,0
5654,7154,1
26014,3188,0
20744,19408,0
19652,5121,0
26972,10354,0
7714,15862,0
1297,26567,1
5829,29179,0
4247,27557,0
26403,1090,0
2650,13227,0
31562,19083,1
29553,8563,0
24130,9387,0
20589,24817,0
27787,24365,0
21032,19064,1
23815,6261,0
21936,19415,0
21494,27445,0
6645,24278,0
18221,29033,0
13607,6965,0
3306,22255,0
32850,19089,0
10283,26245,1
15301,31423,0
9788,9382,0
7794,14925,0
4077,2240,0
669,16910,0
13204,3244,0
6196,11550,0
18167,8717,0
5598,13085,0
15722,12094,0
28835,27889,1
28173,28064,0
17274,28399,0
32192,14527,0
14763,944,0
24653,13269,1
7877,28027,0
14500,19727,0
22726,29452,0
14130,14629,0
10739,21940,1
10803,23157,0
24553,1359,0
24866,21061,0
9826,10900,0
3596,2876,1
17498,5398,0
226,17968,0
16379,7470,0
31878,4566,0
22304,15086,0
16256,5167,0
24443,7187,0
6708,16991,1
12349,13786,1
11444,4950,0
22637,20668,0
13170,19584,0
15442,17384,1
11191,13456,0
7370,27357,0
23138,24526,0
32417,5577,0
17524,11531,0
9516,31490,0
762,15936,0
20315,28554,0
11075,10731,0
8669,27993,0
1871,16232,0
31939,13059,0
21550,2464,1
27605,29520,0
18266,22985,0
13178,32356,0
30967,29210,0
4601,25231,0
31225,10155,0
5486,11685,0
22899,30237,0
26019,16670,0
28916,9164,0
16216,18543,1
24826,20489,0
15531,29977,0
31752,5696,0
27052,28622,0
13203,13291,1
32185,25977,0
158,23529,0
3722,30820,0
16298,19040,0
28323,1634,0
26872,16517,0
9812,21683,0
14977,6396,0
4799,20357,0
5539,31394,0
32980,9636,0
3035,4409,1
11311,8638,0
13785,16296,0
17324,1393,1
14832,23256,0
8920,24509,0
6473,12218,0
420,30792,1
7054,12694,1
29069,12412,0
13644,12518,0
4070,24350,0
13300,30402,1
18279,32860,0
31555,18801,0
8399,24838,0
32954,17559,0
4676,14818,0
3068,19178,0
10309,6936,0
4626,1405,0
27962,13906,0
4170,25536,0
14268,3522,1
5042,13163,0
30007,8177,0
19212,148,1
29406,13593,1
19726,5748,0
837,32868,0
21119,17924,0
26469,9341,0
1313,21057,0
5493,23295,0
1152,22904,0
20331,9609,1
7714,8360,0
22495,27329,0
19068,4216,0
14144,17952,0
32632,25188,0
27561,4020,0
20885,7583,1
17622,21652,0
26482,27881,1
18827,13173,0
19388,21135,0
22683,14231,0
32904,31072,0
24015,24741,0
9024,25455,1
19994,13030,0
26781,7718,0
26956,11139,0
1856,19856,0
6901,16197,0
1364,31544,0
27818,18796,1
26354,32426,0
19711,1551,0
28159,26032,0
8595,8599,1
10622,27758,0
27095,24869,0
4965,32647,0
17198,7400,0
29566,13153,0
22325,30880,0
18674,27836,0
22761,17460,0
16141,19597,0
21716,6419,0
10538,19285,0
1111,22282,0
21409,7715,0
21074,15138,1
5625,5369,0
16996,1490,0
20948,5224,0
18387,22376,0
12741,15446,0
23235,3534,0
18843,2250,0
30602,22653,1
16749,23182,0
15691,26856,0
6394,1595,0
14109,8737,0
32452,30643,0
2960,6514,0
477,6660,0
22825,14133,0
16013,22839,0
5910,14914,1
5822,31046,0
17350,5600,0
30497,6506,0
7337,12919,0
29072,11928,0
24657,19251,0
28334,30518,0
32406,1822,0
6604,26815,0
13146,32924,1
7754,4706,0
3659,28196,0
14205,29851,1
17428,15055,0
9249,9593,0
7787,30414,1
15854,27958,0
9030,17889,0
31344,23871,0
11685,9807,0
16414,24500,0
1643,20881,0
10159,5610,0
11098,21994,0
3197,23905,0
10259,14474,1
29862,13596,0
15681,26171,0
28489,11423,0
5197,22805,0
26915,12070,0
31366,3271,0
25204,13426,0
3564,13980,0
3694,21410,0
10535,18031,0
25852,29835,0
26027,22907,0
13064,4837,0
100,29050,0
28906,23413,0
3740,7008,0
21700,23911,0
32871,29267,1
32067,19643,0
21699,32288,0
3558,6569,0
4093,17449,0
10504,1499,0
22198,10025,0
20380,20703,0
24406,19421,0
20560,11348,0
12230,15636,0
30018,89,1
29765,22884,0
8591,3787,0
17164,4652,0
9040,2938,0
226,19404,0
25368,15708,0
3597,1807,1
28148,18476,0
10767,28648,1
1421,22236,0
26125,23885,0
30441,24464,1
32401,4059,0
23377,8151,1
23693,273,0
3621,8804,0
23348,10377,0
13034,18885,0
22922,1401,0
29186,3229,0
12422,2531,0
27412,7174,0
16302,16096,0
9224,3620,0
21963,8394,0
14074,614,1
6551,24485,0
27117,24464,0
10058,22682,0
30688,24019,0
19426,1526,0
18825,25735,0
23984,23808,0
16914,25760,0
2718,1499,0
11677,24646,0
26068,24804,0
6102,6962,0
25635,17202,0
12818,32436,0
28330,14245,0
30731,11249,0
26503,28349,0
10329,28579,1
5256,32905,0
14759,20394,0
1723,13990,1
5458,32294,0
25252,16638,1
6961,28447,0
22542,8514,0
18073,6829,0
5854,10733,0
32387,2842,0
20203,5732,0
21795,6024,0
3970,7531,0
2124,10240,1
19414,29804,0
27871,28096,0
15081,16289,0
26662,813,0
16695,26938,0
23546,4580,0
15032,533,0
30777,18626,0
21323,12132,0
30077,12326,0
18297,21417,0
3473,19453,0
3739,9014,0
26850,12304,0
302,15565,0
5031,12576,0
31296,32737,0
18971,16533,0
19119,16576,0
8092,6587,1
30425,1554,0
18296,14076,0
4654,6925,0
5122,3654,0
28274,3060,0
27373,16859,0
31513,1236,0
21765,16524,0
31409,27191,0
12711,15222,0
8301,8152,0
21804,16435,0
31603,7824,0
3606,32702,0
29685,27307,0
21189,16925,0
1423,28324,0
16593,13404,0
10216,30848,1
30247,13172,0
23676,24898,0
13988,15033,0
10582,31148,0
17711,14105,0
7704,19380,0
3598,26171,0
4464,19905,0
8620,28022,0
30426,24303,0
23432,8698,0
27646,13192,0
4745,32510,0
28887,2510,0
18385,6997,1
22842,7993,0
27830,14977,1
18782,25752,0
15589,16004,0
32580,19403,0
11443,29647,0
22600,6332,0
20779,4848,0
20003,6623,0
20034,5813,0
23106,13517,0
8648,7091,0
12712,7969,0
9997,19152,0
24559,20866,0
10185,11968,1
9856,30593,0
25556,8846,1
22533,28161,0
14881,19003,0
20904,2140,0
9872,26663,0
21842,7636,0
4371,22337,0
5671,2522,0
16466,29984,0
17846,14781,0
7473,14040,0
28567,16946,0
1497,26200,0
11539,23633,0
23375,468,0
4120,27432,0
5144,13974,0
30806,11193,0
10014,28199,0
23764,25782,0
10010,32036,0
20371,857,0
2034,13984,0
242,4016,0
27396,362,0
6138,6197,0
1478,19418,0
23040,6208,0
7726,6465,0
14003,6269,0
7252,11848,0
27592,21821,0
31673,1224,0
31779,7428,0
30067,29578,0
26597,3643,0
29206,24920,0
28007,13550,0
1597,31752,0
26425,27526,0
9678,28516,0
15867,10005,0
29680,7948,0
30348,30263,0
6756,2104,0
7171,30250,0
25848,23040,0
25618,20320,0
18372,19832,0
11141,20515,0
15165,13461,0
13151,10720,0
1553,12435,0
32724,26587,0
26655,20120,0
3741,6677,0
6108,32615,0
9097,7718,0
8695,7278,1
9957,15851,0
32673,23198,0
24853,5547,0
22166,23729,0
24458,13874,0
6249,30025,0
11332,30868,0
31081,14406,1
31875,5543,0
6136,24387,0
16665,12590,0
10164,4291,0
15910,19849,0
20922,23222,0
17079,31889,0
28609,20943,0
11878,11313,0
27098,20372,0
7833,5916,0
31278,16238,0
6597,32,0
3958,29525,0
20816,27260,0
20949,21112,0
28136,30800,0
23273,29562,0
31682,11524,0
23344,19263,0
4837,11711,1
25093,10416,0
17936,32925,0
12209,16207,0
31152,10343,0
11929,30226,0
7161,13771,0
8429,13914,0
9811,29566,0
1277,16142,0
17299,7578,0
23447,7603,0
16021,2911,0
20567,7748,0
15060,10418,0
27036,30333,0
31678,4242,1
23691,18836,0
16319,15196,0
12931,1810,1
29587,17508,0
24450,2704,0
16590,9533,0
17306,18091,1
13030,16587,1
6511,20730,0
21764,21483,0
30095,7734,0
29422,15832,0
23648,18081,1
8886,25414,0
13511,24173,0
20962,14697,0
22375,17241,0
5213,21485,0
13197,28401,0
30046,4903,0
15123,16846,0
8927,9829,0
32450,9202,0
4231,23813,0
30603,1792,0
22518,16644,0
7332,24497,0
21985,21580,0
26131,28352,0
29308,29954,0
13119,32873,0
23697,21927,0
15513,21856,0
18167,13746,0
21692,28512,0
30940,4604,0
31619,20195,0
30327,10299,1
26875,27493,0
31381,9262,0
23308,4743,0
13892,22382,0
10362,1051,0
15087,8175,1
3509,18242,0
30708,10266,0
22727,1314,0
5631,32483,0
32439,15515,0
20595,9143,0
31185,4474,0
5166,14699,0
27821,17313,0
26235,13297,0
29605,17122,0
26032,10803,0
4204,4063,0
1767,5370,0
16956,14029,0
17909,23480,0
841,20750,0
26530,30800,0
29774,1793,0
6421,22118,0
4369,15063,0
5442,10864,0
3445,15089,0
12917,22858,0
31309,9389,0
13416,1313,0
2451,29469,0
1736,16106,1
21790,10685,0
29775,8894,0
10395,7506,0
29392,26285,0
12000,6679,0
3848,7876,0
11034,19020,0
12403,14370,0
995,847,0
15304,13960,0
1562,15199,0
19388,24506,0
31820,5379,1
6986,31375,0
22244,3318,0
5237,27734,0
10885,27734,0
5527,6772,0
11294,9910,0
11409,6115,0
18350,147,0
5907,11796,1
22741,28659,0
16993,14659,1
26188,17176,0
19522,1585,0
20876,19879,0
25795,8401,0
4355,11099,1
29803,19432,0
7937,27360,0
4411,18469,0
10197,17422,0
306,5414,0
24389,2727,0
28171,19790,0
18538,29879,0
1237,24430,0
2855,16060,0
20659,13377,0
5294,15183,0
18638,22495,1
32358,22080,1
11716,7362,0
22209,20037,0
28994,29725,0
18554,31948,1
30082,15593,0
15013,4791,1
20412,10591,0
19361,12092,0
10427,25399,0
26970,28962,0
24524,22489,0
5365,9208,0
28789,32702,1
26351,21292,1
26147,13738,1
3725,9595,1
16766,28936,0
27828,4540,0
28843,26045,0
24610,6906,0
32166,32076,0
14653,22124,0
24160,4829,0
23113,29214,0
8207,3226,0
5922,6397,0
26588,21130,0
23807,25122,0
24654,27610,0
11813,30699,0
606,12757,0
8404,2782,0
27524,19414,0
12631,2030,0
28780,15551,0
16284,26705,0
24598,25933,0
14248,20157,0
15328,13032,0
29535,12340,0
9961,1724,0
12452,25516,0
28518,26501,0
8064,1849,0
16612,13209,0
24637,856,0
22966,9037,0
25728,17728,0
1246,6985,0
16341,16557,0
16371,26968,0
19565,26154,0
254,17904,1
2364,19448,0
9191,30366,0
16312,15597,0
28349,12282,0
32861,5664,0
2237,434,0
12740,21957,0
217,5895,0
12590,14194,0
18405,28524,0
5302,25900,0
24198,175,0
25372,29781,0
4768,14984,0
23379,21712,0
3055,19198,0
1078,25210,0
17288,19815,0
1177,8992,1
25234,7293,0
7404,8897,0
12068,21028,0
528,26252,1
16418,28218,0
28289,20267,0
19725,8904,0
23095,29630,0
8294,32159,0
23731,25813,0
12096,20422,0
30716,18283,0
3899,32798,0
31863,18122,0
23966,9931,0
14034,28718,0
19974,16041,0
7929,1931,0
8314,19577,0
28896,27956,0
31168,1229,0
26268,25123,0
15149,32069,1
336,14101,0
19015,9662,0
1955,14975,0
5828,4014,0
15126,36,1
13478,13128,0
12320,15773,0
2163,24652,1
23126,8357,1
12991,16910,0
7782,24209,0
2203,14905,0
348,22045,0
18639,23182,0
11334,11343,0
23459,14395,0
24982,7672,1
25971,1391,0
9291,29908,0
16319,8279,0
15051,11248,0
26892,1727,0
11906,8305,0
5026,29666,0
11039,9321,0
28026,18646,0
22066,4638,0
24256,20530,0
8504,9107,0
8294,1128,0
7937,19286,0
17018,8791,0
11099,8160,0
3991,21715,0
4406,24757,0
4868,18628,0
29837,20072,0
30433,6610,0
14042,15977,0
25093,18890,0
21161,17374,0
31142,6010,1
16738,13838,0
26338,27976,0
9069,21816,0
16410,9868,0
14753,3236,0
30162,21594,0
23296,13181,0
24379,4540,0
17014,15397,0
2048,2589,0
11208,4059,1
14622,27415,0
5796,25782,0
23686,4244,1
16196,24178,0
7239,10264,0
8480,4859,0
29663,23110,1
17671,29452,1
11587,25266,0
6167,9971,1
23391,16206,0
8284,28485,0
29642,18943,0
15878,22040,0
12088,11805,0
11066,28523,0
16764,15099,0
27945,21012,0
26009,4883,0
1415,9621,0
9942,1677,0
13868,14949,0
29778,9799,0
31754,11167,0
7020,22796,0
8665,22445,0
24687,18102,0
7298,24368,0
16653,16895,0
6274,22246,1
12984,26668,0
29174,12319,0
6419,2555,1
4824,29103,0
28572,11582,0
21403,4582,0
315,11695,0
18421,31617,0
16882,22228,0
12485,255,0
5222,11023,0
23821,26532,0
4900,23495,0
26059,24050,0
2358,21534,1
8745,15349,1
4174,36,0
26569,13351,0
24595,32851,0
29827,31928,0
29050,16550,0
15661,3669,0
20889,14370,0
24127,26296,0
21409,26886,0
15736,20118,0
21408,13250,0
7453,29417,0
25715,19808,0
22530,16801,0
8138,597,0
30758,31485,0
8316,31685,0
24562,12702,1
32968,11452,0
8418,5699,0
22578,23308,0
12543,10426,0
17523,29251,0
3161,5902,1
17099,8931,0
20326,30378,0
1635,17558,0
21178,1130,0
17344,19710,1
5830,18262,1
22219,24780,0
15167,9946,0
24369,5733,0
15830,18485,0
16807,18148,1
18515,15238,0
30560,13524,0
14279,14603,1
15294,27142,0
23984,6518,1
14090,763,0
9965,27032,0
18107,10298,0
19207,1937,0
20381,139,0
15827,15820,0
18027,10129,1
11451,28503,0
31118,29543,0
7701,30530,1
21194,23415,0
9494,11576,0
22228,16480,0
15712,30626,0
6372,17490,0
28415,21393,0
3658,31768,0
9057,13364,0
3428,1129,0
7485,7338,0
23210,24404,0
1225,16636,1
19021,19429,0
27717,22581,0
17665,7835,0
27706,23766,1
21634,23826,0
23564,25123,0
16584,26050,0
7094,16387,0
15369,16974,0
11506,19543,0
29432,11595,0
9623,3957,0
21080,24854,0
16579,9295,0
13093,12663,0
11933,24937,0
23867,27018,0
8273,4013,0
27785,17407,0
25329,13444,0
19723,756,0
25646,23493,0
10225,17225,0
3071,21566,0
8444,14101,0
8188,30589,0
22114,7672,0
20723,20252,0
29506,12552,0
23286,4223,0
4120,5737,0
26906,2880,0
7156,17183,0
9660,18458,0
32037,18507,0
10658,28542,0
9552,26456,0
3716,6764,0
30288,14852,0
1739,2620,0
23138,2533,0
29814,8693,0
17805,16067,0
9219,25592,0
10475,4859,0
11327,13655,0
3589,20101,1
19961,3918,0
20432,21956,0
28600,32375,0
17365,24699,0
4587,6205,0
19444,15329,1
11434,10161,1
10075,22339,0
16937,12159,1
6349,21749,0
15395,17123,1
719,10987,0
32874,26996,0
32244,25760,0
16311,14970,1
23650,31069,0
31318,12137,0
56,11823,1
1595,16157,0
5962,8849,0
31116,17976,0
11632,27884,0
13381,19219,0
23762,4229,0
27984,24877,1
20007,32078,0
4682,4965,0
18730,18568,1
5254,52,0
1848,11321,0
19950,24761,0
27072,30363,0
26463,4817,0
5391,32877,0
10172,30859,0
8723,10707,1
4529,1056,0
17396,30365,0
18342,27545,0
8804,1213,0
900,13265,0
9914,23454,0
31725,7936,0
9108,24092,0
22330,28022,0
24196,19114,0
9586,630,0
9807,24657,0
20027,22657,0
22305,5760,0
4029,30410,0
6259,8461,0
31780,1985,0
25541,29334,0
450,798,0
12627,29780,0
32962,26863,0
3686,23107,0
20326,5049,0
7661,15996,0
9977,1464,1
26505,25101,1
19909,7993,0
20240,14120,0
841,5094,0
25243,11001,0
27644,9401,0
17086,4035,0
22982,21552,0
8744,23462,0
7039,6263,0
18009,21306,0
2740,14355,0
31024,14433,0
17398,10405,0
5009,5588,0
2459,21544,0
12547,31004,0
25331,2293,1
23679,6881,1
26702,22938,0
31493,31475,0
2463,12429,0
4149,29169,0
9674,32648,0
6391,20609,0
31599,29055,0
13990,12553,0
14677,9195,0
8336,21402,0
12877,12591,0
4969,18761,0
28669,18573,0
28875,14156,0
3482,23170,0
4883,8536,0
26455,16850,0
5651,21190,0
24289,8004,0
4054,30154,0
1709,20972,0
4402,21964,0
9796,16459,1
566,10616,0
13862,9545,0
2373,10865,0
3274,10584,0
11331,27419,0
10185,27409,0
17630,26570,0
24500,4985,1
22052,12241,0
17108,8602,0
16554,12874,0
12871,31329,0
30930,9628,1
16495,25305,0
1081,2447,0
24436,11903,0
18585,30226,0
20941,1831,0
13737,31463,0
12252,23342,0
23309,32322,0
7744,7452,1
3221,9811,0
27656,3195,0
24202,23175,0
27208,28329,0
26482,5296,1
10059,15696,0
31017,25973,0
13458,19887,0
7157,9250,0
11502,18688,0
32567,5122,0
26335,7172,0
23315,1025,0
14352,2845,0
6150,21910,0
15834,6941,0
1472,21042,0
370,5021,1
18121,5501,0
4677,28660,0
31704,24129,0
11707,10426,0
24260,8835,0
5738,8601,0
2201,7407,0
13572,25945,1
18702,21099,0
14486,5314,0
22947,16573,0
31641,31641,1
23953,136,0
3004,14636,0
9493,24033,0
26947,26085,0
11301,27536,0
19994,19210,0
24981,6985,0
5262,26246,0
5463,3624,0
7541,12556,0
5622,19168,0
19272,828,0
13343,24915,1
5840,12852,1
14068,8450,0
3478,24494,0
14791,26419,0
11540,26134,0
31021,2868,0
32,8888,0
4677,28418,0
5147,17311,1
12367,6950,0
6923,22683,0
11600,12322,0
8521,4671,0
32386,32024,0
32083,23344,0
29922,26908,1
32048,10686,0
22067,26070,0
3550,2589,0
23134,725,1
21113,27303,0
5027,29506,0
17170,7707,0
24641,17773,0
9851,23592,1
10600,26939,0
11596,21749,0
19830,1012,1
25858,29289,0
17829,4789,1
18681,11567,1
15916,29152,1
17818,25785,0
7810,26048,0
10030,17359,0
3213,20893,0
1786,21409,0
12076,3962,0
17638,21432,0
7940,10854,0
27625,23218,0
27219,27850,0
10628,2912,0
1352,3030,0
8595,22377,0
28662,32795,0
1738,6898,0
30337,22720,0
8250,4000,0
32065,8145,0
10961,5572,0
6670,1338,0
22814,4243,1
24686,19311,0
20825,14512,0
1407,75,0
25377,31613,1
25513,12032,0
23203,25680,0
19873,12507,0
23964,14970,0
10559,1253,0
16632,8697,0
9335,8702,0
2259,21537,0
20900,4943,0
20197,31680,0
4971,9650,1
26728,12992,0
2321,13441,0
27328,844,0
9853,9379,1
520,3571,0
20581,28648,0
31422,20718,0
17892,5711,0
7262,6752,0
18400,15074,0
28198,23583,0
26617,29523,0
5192,12892,1
31377,25760,0
1598,7755,0
22936,22067,1
4086,4261,0
15043,8700,0
21197,26872,0
9241,20636,0
26765,32433,0
17176,12110,0
28046,12990,0
26520,17724,0
30102,11259,0
5016,2491,0
15214,30337,0
1636,4981,0
9795,13874,0
29806,26081,0
21567,19301,0
28972,27486,0
3088,12826,0
16836,29151,0
20863,13875,0
12263,13317,0
7058,8232,0
10718,27129,0
8398,22948,0
28332,6203,0
4373,15117,1
24858,19537,0
9938,20657,1
11916,9404,0
19087,27058,0
23537,28158,0
30757,23957,1
6542,3227,0
14032,21313,0
9040,14264,0
12002,5358,0
23809,9419,0
7310,4878,0
29025,9421,0
11422,8177,0
32241,15943,0
8730,4186,0
16142,31234,0
13344,21116,1
985,25697,0
16048,22300,1
17544,18940,0
29147,25110,0
27306,18774,0
708,3405,0
23914,31178,0
2486,20592,0
5751,24440,1
21487,22068,0
31742,31433,0
26814,13192,1
28181,20639,1
20237,16808,0
13069,7833,0
13215,17939,0
25525,16772,0
15327,32612,0
253,22736,0
14616,10485,0
29168,24973,0
4513,31317,0
10138,18797,0
30316,7774,0
20985,19880,1
18714,4953,0
27592,12012,1
4013,8372,0
10856,17484,0
18530,18161,0
2772,19756,0
9827,26784,0
10083,14546,0
7284,29453,0
27778,19216,0
2544,23919,0
2051,4434,1
20047,28113,0
13871,14074,0
147,3233,0
999,13143,0
28847,25811,0
2310,6566,1
8424,29491,0
18109,7866,0
16197,15014,0
19130,20283,1
32039,19776,1
17142,6583,0
5490,31193,0
32115,17627,0
29947,10257,0
29162,29759,1
24172,12496,0
31117,24395,0
8942,19228,0
2881,7306,0
6944,31997,1
22955,30733,0
16048,15839,0
8207,595,0
27420,6611,0
30209,2409,0
15645,4332,0
15331,26535,0
18671,26401,0
16513,20744,0
26653,18092,0
8982,9085,0
9989,22356,0
23396,5863,0
19651,21371,0
27597,26251,0
4665,2123,0
11226,26100,0
19013,16529,0
11516,19917,0
15270,19006,1
14464,21762,1
5768,20030,0
21557,7395,0
29644,2332,0
2542,26181,1
24266,31087,0
2307,31380,0
22940,20249,0
9074,26620,1
10806,16475,0
30808,25515,0
8465,27306,0
10455,1164,1
26981,11983,1
3439,2356,0
7832,425,0
27757,32141,1
23486,20046,0
19276,17799,0
25879,10662,0
5276,8666,1
5680,31562,0
23828,18345,0
22010,17093,1
18241,8495,1
16476,15770,1
9150,20652,0
3832,31446,0
23691,6517,0
27409,3269,0
27846,4663,0
20435,16389,0
13847,22367,0
11788,7050,1
9848,8802,0
1296,5099,0
19553,10615,0
12159,1005,0
31995,16008,0
25831,3750,0
27908,14623,0
13346,26964,1
16123,13248,0
29729,10006,1
8477,20718,1
14058,14485,0
15956,983,0
11803,21778,1
4918,15392,0
5126,29893,0
24738,12675,0
22082,3987,0
5989,20307,0
30239,24503,0
8389,29873,0
30461,24992,1
25224,25288,1
2372,26794,0
17107,18528,0
12513,315,1
21270,24493,0
30101,6155,0
3395,8472,0
2159,23149,0
28850,16987,0
4830,18133,0
4866,5102,0
17573,429,0
17834,19898,0
31530,18998,0
6459,24210,0
2157,21279,0
23015,27567,0
20924,3235,0
31746,18783,0
4931,24162,0
11544,2106,0
468,15445,1
27671,1746,0
8532,11352,0
32634,5555,0
18996,30616,0
21372,12943,0
17778,19500,0
13954,32000,0
3432,5250,0
20726,4904,0
19957,17100,0
4576,4138,0
20847,28723,0
32109,23179,0
17381,4962,0
2702,20069,0
8312,19418,0
11115,26277,0
1212,4942,0
1766,19142,0
16819,30058,0
2326,13275,0
23884,940,0
6325,20938,0
22537,3438,0
5586,19341,0
32706,21486,0
25757,220,0
5594,19417,1
286,23732,0
4024,28367,0
5406,25729,0
14583,23571,0
7796,28496,0
32882,11026,0
2266,26272,0
3133,1345,0
18517,12413,1
14929,17228,1
22356,2679,1
11506,16343,0
636,18105,0
15599,17410,0
28320,30127,1
26159,4248,0
21401,18213,0
27248,16126,0
15524,26764,0
5135,16482,0
30790,8440,0
3745,29212,0
4386,28092,0
5384,4824,0
1857,30,0
13749,2247,0
14607,14294,0
25579,25397,0
4008,11209,1
7247,15081,1
6651,32530,0
4818,13728,0
29456,28446,0
21037,20443,0
26730,3404,0
5560,18214,0
8529,26875,0
8516,11608,0
15695,10012,0
4434,28832,0
29491,19816,0
30126,9198,0
957,18554,0
30165,16468,0
9221,4581,0
4067,22690,0
986,21956,0
9949,25841,0
24188,10018,0
8366,3079,0
29115,2566,0
17486,19795,0
31507,8257,1
19093,583,0
31731,7381,0
21102,19731,0
20889,31119,0
24430,5015,0
11974,22263,0
28794,17866,0
18599,2581,0
30716,32219,0
30895,16411,0
4481,27657,0
9519,8331,0
12961,16467,0
12614,6751,0
20874,12375,0
14239,27249,0
10308,1454,0
1378,29982,0
20826,29653,0
21151,17076,0
10500,10861,0
23304,29175,0
29741,17872,0
5499,153,0
23274,26208,0
27294,23782,0
14413,6769,0
16420,2168,0
2568,350,0
15271,5369,0
30729,2328,1
6922,7405,0
26595,993,0
21183,24311,1
9406,16534,1
8283,4602,0
1349,3395,1
28124,14580,0
31573,2280,0
25759,20803,0
20880,30001,0
5609,16579,0
5677,31421,0
28546,2100,0
9547,22579,0
5906,28038,0
19567,4540,0
11836,29746,0
15533,21418,0
2763,20526,0
18679,13064,0
329,30959,1
31319,32879,0
29837,9235,0
8468,23162,0
13368,32809,0
29044,9412,0
10905,10243,0
6939,14291,0
12507,28688,1
19731,9969,0
1562,23763,1
20647,26781,0
22422,9758,0
4775,14726,1
27855,7604,0
32537,27828,0
29581,5687,0
19435,3877,0
9552,11408,0
15820,21756,0
31256,16775,0
12416,17277,0
21309,15879,1
24082,2497,0
13245,2339,0
5379,22007,1
20307,25631,0
9813,11302,0
898,12989,0
14452,29081,0
21457,29135,0
24902,21215,0
2083,15153,0
25446,8237,0
14211,25126,0
1396,10778,0
11661,16124,0
30680,152,0
32276,15810,0
23671,12033,0
13995,7069,0
10372,27979,0
24394,31375,0
23811,14985,0
15403,23903,0
3847,24650,0
4436,5666,1
7995,5367,0
32205,15813,0
16298,2946,0
18669,19901,0
8244,16834,0
31444,14731,0
19665,28420,0
866,2430,0
11679,10812,0
19504,507,0
15108,55,0
20186,27540,0
26035,3399,0
11004,6919,0
3177,3261,0
21446,2811,0
21664,9757,0
6535,9845,0
30559,10507,1
16402,8025,0
322,16731,0
31765,28299,0
846,28355,1
21382,11801,0
3419,2945,0
15127,18051,0
3929,22994,0
29094,24248,0
15210,823,0
11373,7220,0
13905,2792,0
28323,30227,0
17034,20278,0
23157,28080,0
32563,847,0
15309,25199,1
27266,15216,0
30469,10930,0
7445,24658,1
1273,23546,0
6043,9199,0
6912,22557,0
31276,11438,0
15573,24906,0
30900,19050,1
5071,20455,0
13569,26568,0
10460,7054,0
16059,13185,1
20048,9376,0
21308,13951,0
28268,8636,0
9548,29171,0
451,23851,0
13214,22415,0
18113,7732,0
6364,8999,0
25297,30020,0
13442,1134,0
24037,11509,0
21602,30407,0
15806,7603,0
20841,8763,0
32633,9080,0
8744,3496,0
28122,21394,0
8667,28160,0
20963,20202,0
15278,55,0
21100,6385,0
12087,1867,0
46,30789,0
27620,3568,0
17322,5327,0
17435,19663,0
29708,5195,0
19901,7290,0
6098,12545,1
10030,643,1
25687,18042,0
12421,16646,0
15101,5844,0
14403,20860,0
13735,28401,0
9499,5666,1
27684,11671,1
12623,26593,0
494,28248,0
2155,15166,0
18082,12037,1
19544,23194,0
31292,15779,0
6822,18642,1
26008,4611,0
10785,474,0
13146,31874,0
4914,4508,0
6393,9537,0
4572,1800,0
25152,4678,0
31522,5481,0
6715,25379,1
15064,1322,0
26180,27322,1
17158,26950,1
8660,9084,0
23598,1953,0
9965,5208,0
15317,32165,0
20149,9731,1
22028,22049,0
26790,12858,0
27937,7911,0
25717,11276,1
1516,18565,0
11594,31941,0
7949,31924,0
31782,83,0
11159,8486,0
31762,24050,0
19589,5923,0
12254,11243,0
16904,13206,0
19245,9306,0
19333,12258,1
9295,28827,0
24859,8418,0
29179,4262,0
25142,7340,0
7070,17635,0
5981,20094,0
18275,26626,0
28087,13952,1
17793,1387,0
28498,25495,1
32167,15677,1
13764,658,0
21073,11555,0
17511,20144,0
8637,5258,0
26051,203,0
1128,30276,1
19438,29679,0
22058,24290,0
4253,9866,0
24377,11791,0
12472,17401,0
28481,19655,0
29248,24836,0
11553,9295,1
10904,10838,0
1202,16016,0
19114,23831,0
5162,9777,0
22353,6648,0
23356,12571,1
29426,5833,0
25514,7367,0
20585,17521,0
25942,4463,0
20443,29715,0
16511,3075,1
25179,26541,0
8274,5093,0
16707,9647,0
12794,27163,0
5133,6053,0
16168,21338,0
29091,5819,0
12339,4962,0
19931,21570,0
23122,934,0
23866,30920,1
9112,24589,1
30138,27362,0
19521,25720,0
3322,17323,0
6844,30851,1
16606,9305,0
31305,10407,0
15235,17038,0
6075,31745,0
11501,28083,0
32587,12259,0
5728,27521,0
16624,3045,1
25385,26615,0
28669,17471,0
31449,12433,0
14559,8127,1
9450,29084,0
26833,930,0
4787,13622,0
30713,5889,1
8650,14450,0
15719,24168,1
32152,13918,0
15391,31729,0
7303,16887,0
27548,18292,0
12799,10727,0
32210,13386,0
23256,27440,0
26574,21952,1
31548,24242,0
29515,17746,0
30767,14568,0
10388,10836,1
12608,15238,0
10482,14481,1
14074,21111,0
1145,20752,0
4083,7099,0
9205,21500,0
25616,22320,0
16708,14341,1
11452,231,0
23762,26198,0
9610,16870,0
9340,3090,0
20580,3195,0
29802,1836,1
23477,18590,0
24308,10766,0
25149,15458,0
23527,25845,0
2258,16687,0
26443,32276,0
8833,25981,0
6858,695,0
23764,14250,0
11674,25454,0
7719,30601,0
4394,31282,0
895,14528,0
31456,22617,0
21927,17124,0
8491,21911,0
29464,8301,0
15096,6009,1
22062,5754,0
30587,10668,0
32346,8,0
12868,4447,0
10033,20608,0
21250,30304,0
5608,16833,0
15033,10419,0
20478,13881,0
21781,18358,0
1547,2606,0
15573,17332,0
1220,21217,0
26741,9421,0
1590,11764,1
28452,19682,0
11299,2546,0
12990,23636,0
13121,23853,0
11304,3213,0
29868,29789,0
18402,20390,1
18676,4165,0
30592,27742,0
1387,31748,0
5188,12478,0
14069,24862,0
8484,9690,0
20997,30519,0
18915,29940,1
10109,22659,0
29566,8061,0
26332,3780,0
6259,32766,0
29835,3495,0
978,8644,0
7871,25367,0
30207,18407,1
21999,8358,1
4331,17933,0
22041,31607,0
5787,20908,0
15080,16223,0
32286,24376,0
25942,21140,1
97,32024,0
31345,26261,0
27504,22431,0
19654,127,0
25058,7404,0
20254,7579,0
4605,517,0
1231,5737,0
32835,30528,0
4969,289,0
32472,18014,0
32067,13709,0
6283,12292,0
19130,6316,0
13373,16116,0
24401,26517,0
27327,12506,0
16450,19096,0
18696,3027,1
16534,23808,0
29654,21124,0
7093,10390,0
17186,29757,0
21058,15149,0
4722,24769,0
32355,10470,1
19864,12595,0
20004,26546,0
25130,16940,0
6652,6080,0
6140,23192,0
8586,3952,0
6405,1041,0
26792,30043,0
8340,3711,0
20764,19637,1
4652,28235,0
1130,16512,0
21436,17396,0
13688,12430,0
22478,17074,0
23002,32503,0
26087,17659,1
14297,3169,0
9709,13069,0
20902,32759,0
24104,7964,0
15652,7070,0
17921,30455,0
7871,18142,0
19152,31530,0
10043,12463,0
6504,23412,0
20863,13365,0
13752,7393,0
12271,29865,0
15002,10604,0
23513,31552,0
14655,13248,0
21842,17887,0
6803,20824,0
27485,29036,0
28985,23206,0
618,24477,1
19587,8981,0
6478,8826,1
30594,1565,0
20047,17274,0
4054,31766,0
8268,27216,1
1584,21819,0
28993,9161,0
15910,10768,0
31198,26296,0
2702,6557,0
11212,13078,0
17529,18902,0
10503,13190,0
7454,31433,0
5617,30275,0
13868,17953,0
24226,19936,0
20971,5310,0
18784,138,0
31246,7164,1
2930,6810,0
2604,20673,0
21649,31777,1
25515,9403,0
29059,723,0
16274,20520,0
849,7790,0
7995,8961,0
3110,26631,0
3163,30468,0
26006,29274,1
20691,21168,1
19424,30175,0
32345,18192,0
32797,4952,0
13726,816,0
19992,18470,0
6160,29378,0
13036,16644,0
6581,7555,0
32671,17531,0
4629,3352,0
19000,2569,0
16066,1453,1
3584,1740,0
15652,31590,1
23150,28899,0
9512,14657,0
2845,10304,0
9776,178,0
17177,5021,0
1841,20505,0
27184,11101,1
8426,6957,0
22408,8434,0
6215,7181,0
7650,14028,0
30692,26560,0
64,4392,0
11740,2718,0
3173,2737,0
28844,12639,1
11406,27565,0
3126,6496,0
15229,19459,0
14367,10471,1
29792,19774,0
8118,28549,0
11301,23225,0
13206,2783,0
10780,21858,0
18792,25587,0
15916,30765,1
17404,6690,0
3748,18818,0
24217,8597,0
29996,21078,0
19944,4466,0
9414,29966,0
4726,28152,1
16833,28272,0
24455,2759,0
30745,31004,0
25867,29978,0
4639,11872,0
9807,2440,0
21851,31380,0
20305,18092,0
11310,29582,0
13539,31504,0
26228,13277,0
31477,25851,0
21104,32207,1
22609,12590,0
19509,25110,0
16922,24055,0
909,11906,1
75,13967,0
31694,4658,1
12053,5155,0
32928,22123,0
10592,21597,0
28579,19636,0
27700,14316,1
3025,28762,0
900,24731,0
1448,9897,0
32765,18109,0
17078,1814,0
3671,21525,0
7202,4094,0
26717,17515,0
32651,24928,0
9852,21866,0
7885,4613,0
3410,6129,0
19909,26831,1
8024,32734,0
15016,19216,0
31644,30049,0
2368,11683,0
2413,25490,0
21372,26153,0
27095,27401,0
518,10293,0
19760,19767,0
9357,31771,0
12280,25414,0
17638,10980,1
18314,16032,0
26338,17094,0
17421,14620,0
7400,17725,0
2884,20836,0
31186,4076,0
14731,20785,0
8870,8824,0
9470,9822,0
24876,20566,0
16263,3909,0
16478,29912,0
17474,16938,0
9211,2501,0
9091,4612,0
5332,30795,0
12968,4352,0
32095,13768,0
3022,30507,0
2776,7067,0
5015,10363,0
9222,16928,0
20110,20535,1
2188,11536,0
28442,19085,0
28744,15152,0
13080,32545,0
29007,7657,0
22615,10393,0
19429,21278,0
32038,14347,0
17520,11650,0
17998,4630,0
4832,31982,0
6322,1518,0
28813,25219,0
3669,5936,0
15385,13905,0
11599,23308,0
16414,4832,0
13269,21825,0
27263,19630,0
31016,8391,0
20378,13949,0
3281,10930,0
31697,26257,0
23368,8711,0
11219,27292,0
30353,8666,0
12545,27822,0
17092,28065,0
32756,31092,1
16671,31395,0
16263,32411,0
28075,11390,0
30708,23526,0
22320,7304,0
3155,1006,0
13794,3963,0
13230,19111,0
6684,3713,0
27932,24505,0
31657,20915,0
8829,21743,0
24130,28275,0
4331,12388,0
31181,27831,0
25552,2190,0
24785,4515,1
1591,23553,0
14563,20185,0
32285,10952,0
3388,13288,0
27998,20698,0
20973,22461,0
20468,6084,0
24082,15040,0
15546,16622,0
16155,15526,0
30071,21673,1
20587,4038,0
26317,11280,0
32499,24459,0
21235,11318,0
22823,30330,0
6365,5738,0
16328,31076,0
8905,21540,0
23202,5651,0
14472,18751,0
19978,3180,0
10840,2282,0
25074,32977,1
18795,22644,0
6042,24535,0
29225,29880,0
8422,6668,0
6219,16633,0
16067,32828,0
26561,6128,1
305,23841,0
1108,26855,0
16952,4215,0
5774,20555,0
27020,9957,1
26394,718,0
12098,4958,0
3556,30506,0
6937,24997,0
17900,14067,1
18674,14852,0
14402,20446,0
177,28914,0
5460,13159,0
17143,26747,0
14025,7022,0
5967,11448,0
4176,15087,0
31707,19048,0
32663,32606,0
4715,20345,0
30666,16469,0
4509,26496,0
726,17789,0
15905,8595,0
6852,26378,0
18417,28660,1
9761,27557,1
29316,9992,1
23329,16076,0
1956,30142,0
29701,14238,0
8222,1197,0
20848,4099,0
4483,18473,0
13755,4017,0
12766,13793,0
6330,22176,1
10895,25902,0
6799,11583,0
26306,30227,1
4665,17387,0
1293,32023,0
7016,14621,0
18686,25190,1
19122,29254,0
1058,28348,0
7057,611,0
20222,16969,0
2366,9278,1
16719,15094,0
17406,29085,0
9933,10967,0
669,23230,0
28563,2971,0
10697,28635,0
26279,13417,0
5376,23823,0
30870,7785,0
23785,16337,0
15711,24341,0
2010,32284,0
26176,12325,0
31291,14019,0
27171,24270,0
23739,12263,0
30736,26758,0
16823,3233,1
30879,19606,0
15748,11018,0
3442,19460,0
27040,17924,0
23039,10865,0
22890,3435,1
19630,5183,1
28483,31040,0
5210,8183,0
20814,29664,0
11531,26468,0
11215,1572,0
11639,13294,0
23250,21838,0
6428,14169,0
19706,7357,0
2471,7143,0
2152,5175,1
23955,22471,0
15405,24345,0
15715,31952,0
31886,17956,0
12859,15933,0
2840,29323,1
8934,29308,0
826,10759,0
29612,30576,0
13004,13444,1
12156,30908,0
15778,30440,0
19460,24478,0
6505,18948,0
12509,17807,0
17361,16662,0
9682,27872,0
25935,27517,1
7240,14107,0
32323,17098,1
2684,14117,1
15655,8298,0
11007,16740,0
29382,13759,0
26047,5039,0
11054,6016,0
4747,11641,1
20743,27996,0
27939,24368,0
32087,14485,0
823,6662,1
30207,32423,0
23991,26364,0
25863,2810,0
3530,27601,0
20041,17727,0
27090,31221,0
8414,1197,0
32592,23723,0
13494,11319,0
25058,31009,1
22779,11161,0
31288,9056,1
23159,6460,0
23418,11634,0
27807,24850,0
29340,29106,0
23164,15891,0
18347,25440,0
8786,22940,0
16775,31839,0
504,2389,0
3608,31809,1
26597,15082,0
10116,10297,0
120,26783,0
10021,21579,0
3046,31737,0
22173,28211,1
3700,23679,0
19071,15530,0
10172,29569,0
1149,31710,1
12075,11086,0
17580,10847,0
28022,11387,0
15566,21431,0
1457,23724,0
25444,28704,0
27963,22925,1
3946,14753,0
27736,5396,0
15822,20128,0
2588,15900,1
3314,5566,0
8227,26055,0
18788,933,0
17005,12994,0
21779,32318,0
3909,24607,0
9559,10520,0
11942,21568,0
20347,31424,0
14334,10685,0
26647,905,1
22810,16228,0
10581,29975,0
22808,26146,1
3030,24594,0
20403,22010,0
32398,10135,0
17529,12795,0
12465,16681,0
7789,32320,0
4400,16611,1
30450,7536,0
27358,4332,1
15449,1886,0
18560,26275,0
23214,4586,0
20805,31940,0
17726,27865,0
24789,23318,1
2372,26550,1
11886,30426,1
5119,10959,0
13448,30327,0
10459,30352,1
21796,24472,0
9199,10910,0
7843,30420,0
18497,13389,0
4979,3295,0
2024,21564,0
8587,32203,0
3873,14921,0
6490,458,0
23476,17922,0
11885,28390,0
17099,21970,0
26476,18059,1
19832,6609,0
32653,520,1
330,946,0
10181,14285,0
15986,10292,0
30213,8973,0
6634,15657,1
24324,21426,0
8552,12198,0
10465,18392,0
32667,28271,0
8609,1021,0
2649,25616,1
1617,21836,0
11060,21065,0
29424,16137,0
21079,21308,0
5917,7437,1
19942,23670,0
275,10192,0
23393,1288,0
22370,14099,1
24191,24050,0
9137,2990,0
22861,20628,0
9392,24104,0
13856,18153,0
19869,16991,1
18544,28122,0
2079,17608,0
7480,21001,0
31036,7779,1
2286,3939,0
24575,26232,1
29638,20956,1
233,12065,0
24795,4948,1
6317,5969,0
31721,21431,0
15356,9554,0
18903,31777,0
20161,403,0
16505,15277,0
10666,25353,0
7787,5560,0
19128,28204,1
22756,27300,0
19714,11854,1
12,20201,0
24258,17049,0
15142,17443,0
19976,3911,1
13617,20533,0
3043,28918,0
29938,468,0
21239,1416,0
31880,19666,0
1172,30477,0
21538,26607,0
17154,16893,0
6743,25516,0
19872,20430,0
22836,25593,1
26689,16635,0
32177,10877,0
25134,17056,0
22313,28669,0
5446,26485,0
12083,900,0
11988,9102,0
17680,10933,0
8037,162,0
31904,31035,0
19743,21770,0
13423,26990,0
21454,13397,0
3206,19280,0
18714,24065,1
8344,30907,0
9409,31312,0
8847,29186,0
13470,16719,0
29716,6436,0
250,4553,0
11848,23570,0
7848,5478,0
5595,12860,0
10493,25358,0
18658,23809,0
29897,20878,0
20919,4449,0
9376,6855,0
11127,7617,0
11915,27933,0
2884,18926,0
24111,6692,0
25301,7817,0
29580,18411,1
25177,12397,0
25511,648,1
29989,25058,0
29807,16064,0
5167,27534,0
31989,32426,0
31495,32036,0
27253,15284,0
23063,15481,0
24365,3163,0
24933,9286,0
19312,29867,0
13180,18974,0
31355,14109,1
16115,7657,0
11942,22382,0
23382,12450,1
26237,4380,0
26348,16848,0
24460,32388,0
5007,25384,0
31255,19202,0
29080,11709,0
5580,6504,0
4174,21137,0
21408,9351,0
9883,30815,1
24187,6021,0
5347,8512,0
5139,19958,0
15424,7365,0
15118,11987,0
27046,15028,0
19261,17155,0
21539,15416,0
3495,24204,0
30041,17439,0
25410,25974,0
8269,12341,0
11621,15759,0
22013,247,0
29404,22100,0
12769,6259,0
14747,21808,0
20976,16648,0
3582,19210,0
32368,1564,0
17350,1517,0
29729,23924,1
30710,31294,0
1314,19586,0
7869,32559,0
16782,23534,0
247,29762,0
404,1023,0
11134,21606,0
21196,20420,0
747,4670,0
28147,24442,0
24068,26848,0
2121,6343,1
3882,11348,1
28043,4570,0
6882,15539,0
21316,14437,0
17629,30331,0
14624,4270,0
15603,24917,0
629,22411,0
26371,13075,0
32620,26742,0
26764,1580,0
11047,23685,0
4844,11926,0
10735,11684,0
18094,3817,0
24428,3965,0
29179,21440,0
27741,25426,0
22841,10630,0
12522,7508,0
28332,14120,1
720,13232,1
6238,20861,0
29769,30317,0
7486,23038,0
27082,14804,0
8974,30339,0
10989,31911,0
12551,30131,0
8320,6031,0
7876,22058,0
8374,12383,0
23973,9293,0
24444,15664,0
32889,18576,0
5067,658,0
23171,2071,0
1553,14192,0
26179,16068,0
18587,23533,0
6740,13402,0
5258,11279,0
4404,14068,1
2905,22630,1
3841,8921,0
6206,7445,0
31126,4078,0
25108,201,0
14883,16824,0
17005,23421,0
18734,26734,0
27781,7263,1
22020,21317,0
27289,31654,0
14332,27548,0
23709,13440,1
27137,15785,0
22653,22993,0
24193,2511,0
5732,6075,0
16514,31859,1
26390,15093,0
10511,23944,0
20477,7947,0
22157,12261,0
12142,18901,1
25471,18829,0
13139,31449,0
15542,26626,0
9572,18605,0
32130,9765,1
18805,18224,0
17002,3558,0
15306,8328,0
25652,8478,0
17270,14188,0
11404,11839,0
14600,7929,1
15269,23003,0
23365,18388,1
26618,8571,0
1582,6334,1
24788,768,1
21092,19424,0
576,10674,1
19921,25256,0
5797,12007,0
5577,29876,0
22709,10927,0
8765,28983,0
23342,3901,0
11304,26859,0
26147,23043,1
6977,15492,0
7974,28214,0
24923,27221,0
25298,11423,0
29277,19773,0
12945,9514,0
12057,14860,0
28455,6086,0
2076,6022,0
30430,30943,0
18286,18484,0
30030,3149,0
20011,6513,0
17700,23890,0
1876,13446,0
4110,29596,0
168,5301,0
4145,18376,0
24943,12507,0
9103,20242,0
4070,16429,0
17322,4193,0
18465,6574,0
11887,1712,0
4095,9535,0
15727,27292,0
29258,1285,0
24857,28994,0
15760,12887,0
25595,25738,0
6072,15104,0
7771,26708,0
5718,7656,0
23278,336,0
1096,25988,0
28491,22457,0
1103,8337,0
28953,109,0
16902,25050,0
31814,24750,0
32345,31128,1
16915,13265,0
12218,31092,0
27888,16502,0
12239,26448,0
10133,27309,0
16240,28939,0
12278,27221,0
24021,28844,0
15623,23257,0
793,23067,1
15173,3984,0
23819,29400,0
25431,20009,0
1345,1532,0
2640,11197,0
16702,27931,0
22919,6568,0
22025,13987,0
6730,7485,0
25142,2989,0
11571,11634,0
28205,16772,0
4570,12267,0
24150,802,0
1662,28786,0
20726,22487,0
9552,11847,1
26998,26319,0
2889,5229,0
30484,16730,0
21086,18928,1
7370,20481,0
16148,13633,0
10078,14079,0
6765,12100,0
5288,3547,0
30411,20152,0
26543,20396,0
20977,9706,1
19500,5970,0
10764,15107,0
19639,26938,0
21047,20011,0
20143,8736,0
24986,23092,0
19454,2229,0
27260,13962,0
22907,20833,1
9033,6736,0
7277,26801,0
4121,651,0
10331,29543,0
14111,24706,1
22354,32994,0
218,32274,0
15311,16435,0
4523,13146,0
16570,92,0
9321,2819,1
19890,14902,0
11714,28198,0
30775,9776,0
822,29220,0
16154,26527,0
5311,32964,0
4437,262,0
29745,16225,0
15575,17594,0
24254,32407,0
25589,39,0
32184,29675,0
13173,3166,0
19440,15243,0
31861,3019,0
19573,9010,0
9486,15664,0
29784,2830,1
26367,22016,0
32192,29448,0
15178,11845,0
7078,3777,0
22079,15782,0
4559,29418,0
9081,20412,0
5405,28293,0
27098,7791,0
28264,12217,0
8797,534,0
1594,2772,0
108,14900,0
7881,1155,0
9476,29007,1
25051,3710,0
10509,5960,0
30947,471,0
24750,9224,0
30742,28019,0
32196,27662,0
24579,2400,0
21545,16714,0
21503,31414,0
7161,14165,0
16490,24000,0
8672,22102,0
28039,32071,0
23910,26519,0
13410,17946,0
24654,19049,0
2278,6333,0
9500,32431,0
2898,18739,0
15293,19189,0
7527,15135,0
26228,19155,0
18113,4472,0
14444,15775,0
29867,6165,0
26074,16352,0
1364,11824,0
28692,9052,0
3835,7118,0
28389,13482,1
8515,8866,1
5360,4666,0
13729,27321,0
23220,22642,0
30461,26692,0
30993,15353,1
21900,9371,0
27071,15298,0
8047,1971,0
18077,805,1
31527,5757,0
13868,32822,0
29670,19612,0
11025,18482,0
11577,7547,1
27577,25590,0
17023,12012,0
25770,8522,0
4406,12267,0
8495,25193,0
18684,12677,1
22592,14397,0
5740,3231,0
29807,22164,0
2084,3888,0
11164,22684,0
21027,7216,0
18580,22826,0
1660,32362,0
10770,18602,1
16914,26645,0
24496,656,0
7516,18224,0
7430,25056,0
11472,25630,0
22745,30484,0
1547,32242,0
11976,10033,0
3999,20067,0
25035,354,0
5888,11735,0
2984,25496,0
20888,9570,0
2265,24758,0
12362,27303,1
24191,24582,0
11690,15982,0
26072,10654,0
22748,26225,0
10676,14415,0
6030,8184,0
2734,27454,0
24194,26078,0
28909,196,0
22826,8403,1
27574,16266,0
27161,31124,0
21463,16476,0
5194,18173,0
27401,4616,1
29489,30149,0
1193,16928,0
14181,12454,0
22960,4642,0
1652,5560,1
15446,25628,1
8823,25381,0
20912,14285,0
20526,21273,0
10727,28107,0
18368,9683,0
14182,4921,0
28066,27076,1
9732,8503,0
13689,7512,0
9658,11715,0
28513,19918,0
8701,14330,0
17194,18990,0
30001,22334,0
26667,18447,0
28964,865,0
10362,15242,0
22908,25477,0
29718,31950,0
13562,31179,0
16417,21049,0
26612,10192,0
5484,16724,0
25191,15261,0
5071,25057,0
869,22227,0
5123,11107,1
15004,8513,0
32139,25724,0
29907,22001,0
11057,30504,0
30979,25308,0
30255,28530,0
5625,3358,0
13911,7117,0
15485,14042,0
12162,6664,1
15393,13063,0
20764,3019,0
8568,20119,0
28982,17111,0
15000,29731,0
19655,3295,0
536,32377,0
28289,2841,0
28052,7928,0
20019,19694,0
15747,24246,0
32327,7985,1
6075,11019,1
21639,27462,0
10007,14345,1
29416,23673,0
20661,12570,0
12550,29661,0
30248,11977,0
21080,10276,0
28083,4701,1
10554,19910,1
26773,2745,0
25872,14381,1
11280,14276,0
25992,25249,0
31057,27843,0
20781,30951,0
5602,4815,0
19234,11012,1
30439,2214,0
29,23558,0
23468,4774,0
14168,18206,0
32243,15640,0
29799,32844,0
24258,5811,0
7693,15275,0
29577,3573,0
21840,18884,0
19689,14579,1
18136,11026,0
26958,23013,0
3229,16457,0
10756,1389,0
1150,19447,0
3700,20408,0
21531,17886,0
3714,11071,0
22430,19030,0
18546,11785,0
31951,30565,0
11072,27901,0
21518,7276,0
12129,9058,0
32321,13035,0
9298,26975,0
2038,4170,0
17646,2891,0
23575,18082,0
27594,13758,0
26154,18579,0
12444,12760,1
21878,1943,0
24237,1593,1
16009,19576,1
20512,9740,1
10554,2637,1
3663,24519,0
30829,4157,0
9567,17325,0
15327,16260,0
22783,18497,0
12318,7254,1
32423,21628,0
885,2397,0
20482,31045,1
28336,27765,0
6464,24242,0
5660,9545,1
15680,18570,0
31970,1424,0
28471,6292,0
29557,27668,0
29891,20,0
17845,9189,0
17890,19099,0
5504,3426,0
16941,12917,0
14157,1889,0
9064,10128,0
15225,20463,0
168,25404,0
23709,1676,0
6969,29744,0
2419,13281,0
13754,27200,0
18929,26341,0
29514,20862,0
18764,5150,1
29323,24713,0
132,31440,0
4053,13354,0
16862,173,0
14426,27203,0
5746,3738,1
32675,9587,0
21398,26631,0
26876,16098,0
18624,1794,0
2268,3370,0
18339,23527,0
11563,3716,0
15955,10158,0
16991,18285,1
11736,25595,0
18109,30874,0
17477,30470,0
16588,26712,1
23782,18281,0
26128,18567,0
1746,28896,0
3377,12576,0
2632,16782,0
13352,20167,0
10702,27415,0
28873,6967,1
32517,18786,0
28163,15624,0
19977,10157,0
13383,7947,0
14669,6413,0
21665,16697,1
7608,9818,0
31234,30771,0
21734,15739,0
18946,10910,0
21815,7303,0
10352,18457,1
5482,8009,0
18333,6106,0
18674,4062,0
23382,10174,0
18126,18338,0
3300,25138,0
31750,22956,0
30881,21438,0
587,1815,0
519,9595,1
23497,1107,0
28419,8426,0
25214,3141,0
21021,10435,0
29017,5961,0
17507,1305,0
21129,2516,0
8981,1723,0
28843,22033,0
29014,15100,0
3953,26195,0
19432,21376,0
476,17857,0
15708,5060,0
10045,18534,0
3212,11887,0
21011,27563,0
25706,5199,0
20603,16558,0
6604,15731,0
6530,24661,1
4043,23386,0
2533,3563,0
26068,15206,0
21572,26693,0
19168,28843,0
27689,22928,0
16598,28545,0
25241,15889,0
18500,7009,0
17993,25389,0
10901,25498,0
29712,17292,0
12691,28813,1
12592,10554,0
9500,27699,0
297,18564,0
7005,12601,0
32384,29901,1
5775,24052,0
30339,4373,0
3717,21400,0
1189,5212,1
9409,3140,0
3899,28519,0
3222,10379,0
17868,16334,0
13087,32969,1
4833,20712,1
3859,27693,1
5021,4071,0
9758,31195,0
17448,10776,1
1097,8564,0
12836,32649,0
27174,26990,1
6304,23617,1
15440,1854,0
21165,5710,0
23197,4628,0
11335,27010,1
26130,29447,0
14061,12216,0
1528,15981,0
11764,22626,0
30767,7969,0
17987,28057,0
16049,19339,0
5986,29316,0
19197,10929,0
4093,29866,0
2668,11678,1
30005,18108,0
21775,5662,0
3588,19813,0
20215,6264,0
20574,22288,0
28994,11407,0
24108,1116,0
19603,14384,0
25795,8638,0
19270,17317,0
17296,10878,0
11397,11758,0
3725,21551,0
27074,29864,1
6213,32375,0
11827,17614,0
2925,12795,0
28932,32210,1
22558,17111,0
23600,16619,1
13784,9498,0
3213,24944,0
2828,13674,1
7599,11563,0
9728,22482,0
11553,11461,0
24205,6588,0
4971,22453,0
15365,11854,0
8759,27233,0
32419,24001,1
26126,20014,0
8158,17236,0
6072,6562,0
23567,2220,0
3247,28470,0
32976,16415,0
31398,14213,0
5204,25987,0
27507,17501,0
27373,19761,0
9570,14315,0
10238,22510,0
29842,20471,0
18887,4861,0
27765,17077,1
22945,23634,0
10344,20241,0
5103,12301,1
7027,12988,0
15576,14262,0
27625,30821,0
17415,28373,0
11913,32304,0
17499,9379,0
11355,24477,0
3553,22821,0
30436,25035,0
21957,20253,0
19217,25073,0
17437,2258,0
17497,29455,0
21285,24061,0
11238,20139,1
1352,16757,0
6103,2791,0
21445,12282,1
288,14030,0
6123,10086,0
15114,32685,0
8565,7185,0
24146,19605,0
12944,22894,0
1628,8627,0
28707,21149,0
9778,29763,0
1637,19149,0
16263,5924,0
22843,3505,0
384,18755,1
30966,5596,1
28235,30178,0
20868,18537,0
27559,21540,0
27593,20028,0
18641,16776,0
12637,26434,0
25839,22882,0
4889,13995,0
7135,9244,0
17487,15350,1
17543,20476,0
27157,2390,0
15554,29072,1
32676,18602,0
7174,19257,0
23843,20061,0
28116,22156,1
6891,25704,0
28274,1347,0
24595,5252,0
2281,7573,0
16888,14422,0
1138,19286,1
3031,9930,0
16508,25467,0
19848,21820,1
27134,24935,0
29425,15229,0
26383,1165,0
7251,21257,0
14680,6290,0
15123,1649,1
17164,18944,0
29188,28483,0
28410,22627,1
8234,18098,0
12126,8224,0
28510,27266,0
23374,1399,0
31295,24895,0
22446,8753,0
6636,27203,0
27886,22501,1
23780,29742,0
9581,1411,0
8975,26404,0
18772,21687,0
13835,7994,0
13239,23463,0
25278,4954,0
29799,30568,0
23533,9361,0
7406,12518,0
13967,6706,0
20925,1070,1
22954,23494,0
31069,6979,0
30110,32486,0
31294,894,1
21700,21254,0
31446,30131,0
11923,25910,0
15144,22873,0
27593,29475,0
16498,2878,0
23985,21208,1
23129,3976,0
17539,7505,0
23532,22855,0
499,15259,1
4401,31734,0
392,16948,0
26101,3304,0
21713,31297,0
11403,27887,0
23433,23969,0
4032,6110,1
18944,31251,0
30826,22011,0
29586,23693,0
20382,22543,0
12786,7249,0
31400,1933,0
14513,2401,0
27408,29279,0
19934,6332,0
3492,7667,0
15415,18497,0
32730,1124,0
32163,13916,0
10537,18574,0
4913,8967,0
6422,21102,1
13963,10066,0
8628,19645,0
22757,10220,0
14028,3450,0
12528,13193,0
25530,29938,0
31247,26889,0
629,26465,0
15634,24736,0
8364,12131,0
31463,21840,0
10855,30931,0
14920,27725,0
16493,9097,1
21144,14232,0
20788,21630,0
18069,6306,0
9113,1931,0
20462,17362,0
803,8050,0
2653,29145,0
22525,22767,1
21858,30814,0
482,8179,0
1463,28480,0
12430,15573,0
25498,26825,0
8324,26326,0
1942,10550,0
3829,11021,0
20662,18613,0
25558,23100,0
10017,17795,0
5958,6264,0
11975,28271,0
14565,15462,1
22921,24653,0
14151,13651,0
27171,17663,0
19287,2217,0
30288,7289,0
11846,408,0
21234,16663,1
7901,17389,0
13644,27807,0
1702,18505,0
22527,4816,1
5400,8701,0
22415,26505,0
29767,5004,0
32461,23295,1
8085,12936,0
28494,32388,0
15763,23135,0
18975,8594,0
4616,14539,0
19574,15856,0
12170,31816,0
22180,26038,0
18814,29114,0
26120,21716,0
21690,22394,0
12188,2539,0
2652,11191,0
823,24573,0
17563,9525,0
9896,19206,0
30706,12280,1
6548,31515,0
13665,18543,0
13086,20129,0
13062,7366,0
14337,20612,0
24297,20955,0
6137,1858,0
29548,7300,1
21382,16345,0
403,1285,0
6788,9306,0
25040,17309,0
28637,28458,0
27838,20634,1
1819,14869,0
27267,6485,0
2585,12714,0
19870,9583,0
28660,3510,1
27696,15861,0
28649,4055,0
15320,16228,0
24292,28939,0
20571,31748,0
386,3144,0
27425,7316,0
19374,14603,1
16147,16228,0
32309,9803,0
20582,13798,0
32300,2985,0
22123,23996,0
22005,19144,0
15311,19171,1
2366,4581,0
18175,4342,0
459,29964,0
13985,25766,0
21249,23208,0
4256,2179,0
11514,2000,0
10819,17232,0
6041,2216,0
830,14102,0
12287,30985,0
1372,1203,0
22325,5053,0
10236,31064,0
26997,22835,1
12599,32257,0
23482,32471,0
31113,27598,0
14637,1855,0
19919,14500,0
9636,32351,0
2529,15735,0
27156,18069,0
7023,14909,0
25842,17710,0
123,12312,0
13055,30640,0
24629,9389,0
23944,22197,0
14712,25741,0
27524,26048,0
8610,13736,1
12723,24835,0
18178,18283,0
5685,11710,0
26024,12019,0
17291,24676,0
2645,2646,1
15072,1961,0
7168,6540,0
17199,20595,0
21006,10514,0
15294,10854,0
5492,3606,0
28574,18321,0
29748,1911,1
8882,26475,0
28921,16345,1
232,24733,0
16959,19180,0
32825,18047,0
14113,3708,0
353,10119,0
10367,31469,0
18069,17076,0
533,7845,0
12220,18163,0
31690,26664,0
18535,22141,0
28273,11408,0
2841,15595,0
1535,7881,1
5006,25777,0
9395,11328,0
14887,14006,0
13825,27806,0
31779,7975,0
10262,18250,0
27421,13593,0
26043,460,0
19235,21693,0
3712,22237,0
9859,22382,0
24568,14486,0
27540,11071,0
7052,7123,0
1693,1492,0
23349,18072,0
13009,14426,0
6517,32555,1
1208,25062,0
19709,7051,1
30512,18928,0
24349,26392,0
21496,1846,0
32295,5794,0
25581,14563,0
1793,11989,0
19988,28197,0
7840,3964,0
19276,6095,1
11565,2342,0
2905,8888,0
29332,2596,0
32978,5664,0
31375,11459,0
29165,10333,0
16623,24888,0
2122,13967,1
32986,7473,0
24961,17769,0
19461,29357,0
21676,11323,0
9519,29774,0
23079,8238,0
22331,4019,0
32656,24069,0
11383,13694,0
8049,18768,0
19172,27635,0
12066,1299,0
5100,8699,0
18498,6653,0
21664,21190,0
13251,6958,0
7906,7542,0
795,22384,0
17472,20500,0
14064,18364,0
17620,26515,0
2862,29922,0
4780,7697,0
25471,5849,0
12025,15646,0
2258,17827,0
4348,1083,0
9684,15397,0
13715,21893,0
28,17884,0
31436,2390,0
31694,25858,0
16941,15751,1
5814,10162,0
10982,11581,0
21841,13740,0
10441,23025,0
30608,24149,0
14840,4258,0
14250,26642,0
14772,11903,0
19964,10033,0
14849,10928,0
13220,9966,0
534,27273,0
16518,25700,0
16324,10756,0
7808,1068,0
1503,5218,0
28725,24098,1
13937,29314,0
507,14696,0
14564,30154,0
25510,15809,0
2814,18241,1
15593,12917,0
2161,10221,0
20190,329,0
8026,20003,0
25453,14857,1
25048,26742,0
17103,19458,0
21349,31788,0
6955,31834,0
15510,30756,0
31799,25143,0
9775,14902,0
26216,5445,0
16352,21443,0
32761,30993,0
30321,27049,0
26417,31683,0
29787,24054,1
22703,17286,0
12611,23966,0
32312,14026,0
9439,11111,0
16189,32772,1
24075,8885,0
21526,30927,0
10210,17661,1
17814,21249,0
13238,12705,0
338,17288,0
9771,14451,0
25263,3647,0
19997,9297,0
25027,30662,0
21406,13159,0
28305,4202,0
28690,25917,0
12962,27537,0
14027,3261,0
4238,5580,0
10672,29708,1
12923,22066,0
18122,32362,1
4621,5748,0
24186,3635,1
16952,23609,0
18012,1032,1
4260,26443,0
17458,2471,0
17002,15498,0
21568,748,0
1096,13209,0
10039,20398,0
17957,6808,0
27506,7719,0
21578,9765,0
5989,1364,1
19733,13261,0
20429,18125,0
14990,11833,0
2149,13290,0
9015,15744,0
11932,4567,0
10471,1137,0
12269,26235,0
1877,12118,0
26991,660,1
13646,32622,0
717,3472,0
12824,20362,0
12707,1909,0
14138,21009,0
471,32914,0
23687,16775,0
11150,12981,0
20737,24650,0
23790,19633,0
21639,11931,0
27405,2515,0
17139,24593,0
16860,15445,1
29693,16450,1
12227,32227,0
14140,4670,0
21921,8276,0
1964,23258,0
13510,7045,0
2229,14938,0
8459,24798,1
30719,7968,0
2850,14478,0
28263,18371,0
25191,29537,0
27986,11415,0
9205,32335,0
29986,1063,0
2984,29736,0
26345,7759,0
27015,14690,0
8443,15508,0
7393,21974,0
12031,27572,0
1425,17905,0
20421,1018,1
22776,31364,1
31223,17314,0
6932,173,0
6206,19330,0
5207,28677,0
22009,11426,0
10756,24053,0
11767,17378,0
8029,22128,0
507,5787,0
12028,9625,1
26498,17145,0
27481,15925,0
1793,32641,1
23978,32311,1
23693,25822,0
10542,12386,0
22697,16006,0
9812,29902,0
10448,15930,0
3781,12076,1
14762,21208,0
23954,7890,0
872,9097,0
21850,30674,0
17482,7004,0
23343,3217,0
5390,26158,0
4326,22010,0
24061,26599,0
6801,11918,1
29605,4181,1
3799,9157,0
4441,4888,0
8189,17970,0
791,5527,1
29427,15375,0
24811,8253,0
28677,28004,0
11584,19241,0
5920,5902,0
14027,9837,0
6751,17641,0
6020,9962,0
8831,19497,0
3641,21458,0
16740,28114,0
1472,25007,0
12744,28548,0
17789,17463,0
24723,23492,0
11334,20756,0
21083,28185,0
1163,1115,0
1999,1802,0
16093,28364,0
21549,20430,0
22092,17810,0
22820,27294,0
23155,9079,0
31866,29019,0
21407,20726,0
4456,19831,0
17129,2292,0
18164,29722,0
14076,23078,0
4686,9737,0
8565,8842,0
9434,26352,0
4571,15778,0
32074,13070,1
22617,22479,0
4342,27358,1
24729,14302,0
4933,6361,0
24489,4713,0
18979,8885,0
17401,7618,0
17848,7780,1
19754,24451,0
7283,24682,0
4984,11264,0
3433,9402,0
4036,31028,0
7986,6877,0
10833,32986,0
29906,32595,1
31606,30985,0
16954,24671,0
7870,11257,0
9826,21241,1
5675,18200,0
1590,14093,0
5098,31424,0
22616,29170,0
31371,5064,0
18790,30889,1
20605,2217,0
28390,26570,0
1288,9509,0
31735,8775,0
11430,24685,1
29843,2807,0
8695,24157,0
10092,7869,1
29323,8026,0
4977,19370,0
4735,14777,0
30092,28852,1
21925,2750,0
5538,10850,1
29591,1262,1
5645,11986,0
19191,8360,0
19204,16078,0
27443,21991,0
19524,28250,0
10498,17141,0
19075,13370,0
23914,10257,0
13304,29083,0
25133,29837,1
23300,25775,0
29821,671,0
14921,18349,0
2360,22000,0
29978,4155,0
26221,19515,0
23953,20878,0
1971,20523,0
28888,25191,0
26425,18795,0
24436,28273,0
6256,23154,0
4455,9252,0
9877,29741,0
5833,28567,0
20360,12475,0
19210,15806,0
12548,28657,0
26953,10565,1
29915,7194,1
8465,13300,0
15547,10454,0
1244,30974,0
21901,19679,0
8376,23346,1
23386,28592,1
8482,7517,0
24665,13288,0
30941,31863,0
9969,1496,0
2066,27013,0
30623,30225,0
32004,32539,0
16856,30438,0
12792,15767,0
12513,30017,0
22940,10727,0
20552,5780,0
20521,18622,0
16825,26904,0
4438,31395,0
14697,16169,0
11327,9099,0
178,13273,0
13330,25053,0
4455,5857,0
14060,29534,0
11701,5827,0
13517,2318,0
12711,23830,0
25503,3260,0
5390,12718,0
16743,23113,0
22167,10015,0
24297,16365,0
30025,13834,0
27868,9226,0
5701,28891,0
24867,786,0
20912,20850,0
18432,12337,0
32029,14627,1
10589,22579,0
23473,9239,0
4633,19013,0
5803,21004,0
21617,29979,0
6695,24756,1
5005,31187,0
14415,169,0
18156,16562,1
28567,21625,0
16157,27163,0
17669,898,0
12260,25652,0
3066,9344,0
1953,22389,0
21100,31175,0
8133,29834,0
32814,26575,0
23282,18475,0
10411,13178,0
30303,11647,0
8511,32918,0
29628,14183,0
31407,24790,0
13441,11997,0
6363,26423,0
27746,15951,0
21099,6414,1
18234,32899,0
10987,23725,0
6771,4590,0
32814,9674,0
30775,11074,0
22757,27302,1
22194,21008,0
7311,22255,0
22193,9188,1
26489,21502,0
4998,5438,0
27439,16722,0
4964,18672,0
22662,17848,0
2376,9560,0
14655,29455,0
12372,3406,0
29617,23355,0
28019,23627,0
10600,12561,0
17903,28297,0
30248,19819,1
20193,19772,0
28036,15283,0
16509,26508,0
13410,25145,0
17707,22857,0
14376,31279,0
21835,5423,1
1602,18325,0
2783,9390,0
31014,24598,0
7936,23798,1
25456,5413,0
28113,30779,0
888,13928,0
564,16919,0
26951,17909,0
3255,4425,0
10108,17237,0
27016,10106,0
12445,6234,0
19833,23340,0
32037,2849,1
30248,25097,0
4011,22814,0
4495,11846,0
5162,4348,0
